epoch,train_loss,train_acc,val_loss,val_acc,val_f1,lr,elapsed_s
1,1.106094,0.371464,1.110038,0.355804,0.351845,9.990232305719945e-05,177.7
2,1.072823,0.43081,1.145846,0.352232,0.351787,9.960967771506666e-05,163.9
3,1.008299,0.504683,1.192031,0.341964,0.331197,9.912321891107009e-05,174.2
4,0.91703,0.591265,1.283271,0.328571,0.325115,9.844486647586723e-05,149.7
5,0.801008,0.673356,1.325678,0.328571,0.324577,9.757729755661011e-05,163.7
6,0.704143,0.735378,1.482491,0.328125,0.318643,9.652393605146844e-05,156.8
7,0.622771,0.783066,1.488221,0.347321,0.345298,9.528893909706797e-05,151.6
8,0.550834,0.82349,1.555705,0.350893,0.348036,9.387718066217124e-05,154.0
9,0.488646,0.851491,1.633755,0.340179,0.338569,9.229423231234974e-05,208.3
